StudyHours,Attendance,PreviousMarks,Assignments,InternalMarks,SleepHours,Extracurricular,FinalMarks
4.370861069626263,84.90808570098726,42.03364037451028,66.33572495953527,47.01086944283389,8.137594610531515,6.72702994208898,73.17
9.556428757689245,76.80481831720601,65.22356157959328,63.54273143408117,46.053621939679985,7.822638973273588,7.966813971913723,88.59
7.587945476302646,65.47638081431639,86.74147933196653,31.7949446064505,88.90654773386738,6.8676447572778665,2.50467898792499,96.28
6.387926357773329,90.68975098534743,77.59461761662148,53.887347933830945,46.220502990217895,8.780235718059664,6.248740996069989,90.46
2.4041677639819286,84.23655862769397,82.42647461099423,56.613693315009996,47.676732198361016,5.002372577642014,5.717459831437487,71.05
2.403950683025824,58.130846967244565,72.82091883619663,57.91759466278303,79.36088705716764,4.546321051548107,8.32830376788271,73.73
1.5227525095137953,95.54635922469213,74.9979766936604,70.61206584591326,59.2330897592851,8.26980983477711,9.060870604812605,72.17
8.795585311974417,91.12686214615846,85.19771735174575,67.3521782708815,80.48618620208677,6.195749083168741,0.12156771477386807,100.0
6.41003510568888,97.4899956645962,46.22842057584708,72.55335649554112,34.24880024168504,8.234844271035303,6.740199190587926,76.06
7.372653200164409,86.28597541941801,61.812622636804136,83.54182830794898,61.69212758876998,8.465451025977075,0.5183579911972902,85.99
1.185260448662222,80.6707597967895,44.378613718274146,86.90900171012655,32.18488401191337,4.312287968095357,5.488586650773559,52.7
9.72918866945795,70.91215181453094,94.19842051978206,80.2686153358546,34.072458224598044,8.417323814930302,2.876327290436782,90.08
8.491983767203795,96.63642416770065,91.36385707962987,96.88665871684543,88.9184344673867,6.241595276847111,3.067765995221412,100.0
2.9110519961044856,93.30319447502042,32.562742738952885,31.276280787345314,39.05094912264369,6.552162445021161,3.5295850345235658,54.07
2.636424704863906,52.26093350530947,75.86238621351976,43.70445899784823,64.60734434788911,7.132962555466051,6.212924490496102,66.49
2.650640588680904,51.3183487248626,90.14114063201828,30.52940124846995,56.72121416904592,8.631913033650434,3.340499656687692,67.59
3.7381801866358395,68.82316834390248,41.73739743327668,75.32322999082221,52.577316206824776,4.0955804721488205,7.326990505902804,63.25
5.72280788469014,90.52766653909165,66.91643998592092,92.86213842649909,88.48916746967271,6.3842173415890855,4.045273855738697,96.02
4.887505167779041,99.36380646574722,89.50673934322272,47.043760760340945,31.418520790406816,7.4386102121528035,0.6835320030995862,84.62
3.6210622617823773,57.52084455517641,32.206488608076924,94.89241813574147,73.1463296014133,7.613534788491142,7.837598424841072,63.74
6.506676052501415,79.70653576760675,75.3323173710446,34.21871732026926,92.62063822388077,7.46266215768554,2.85758324592706,86.18
2.2554447458683766,69.04454283155107,49.3276854792158,95.410521876386,66.41093192501972,4.672175647040609,4.3276687959926265,60.64
3.629301836816963,98.49571989073016,90.08575269947448,54.61358810677441,90.89346003215097,5.496977941858406,6.8544388322190155,89.3
4.297256589643226,92.10594615678544,93.1187859357489,37.099457991445156,33.396762153591546,5.793577627085067,3.32456157148712,75.26
5.104629857953324,91.91643523555689,91.37732179237321,64.01102314304279,57.22156573982049,8.022186038397525,0.5658565614671562,84.64
8.066583652537123,73.43465798974852,60.82392408273515,47.97435974043556,46.91025641253333,5.393799362072765,3.739210470128136,74.66
2.7970640394252375,70.74097511688326,86.03277231430538,49.94110313733459,77.50336272374744,5.053524819336015,9.444485826943033,76.25
5.628109945722504,63.670353596535314,84.89571090477958,51.51029754484006,93.78431088232104,8.78724009519048,6.417343972985582,93.08
6.331731119758382,52.81877483254635,50.741530760811614,86.21181284828644,46.67445405887611,4.044316425567344,6.71479148667207,74.58
1.4180537144799796,93.23611881275266,83.87950581979402,67.74128936726781,72.52134909581484,8.98910427840989,6.322821536376399,76.65
6.467903667112945,90.64505045650388,32.40549625650702,51.791538940920255,42.87634612938311,7.3841064942869785,1.989921389594368,68.41
2.5347171131856236,99.98588366430653,68.75754210133346,72.72336483176429,66.74646654715465,8.142346497245585,4.183338641022801,73.73
1.5854643368675156,99.83184185369527,44.9505744237007,80.13054719562355,60.15561163474185,5.473096981730966,7.509397983633183,66.13
9.539969835279999,77.77158528013138,37.83684757552312,49.083680051347365,93.18034642604991,4.0715763883353,1.0137289755315915,86.5
9.690688297671034,88.44937075902553,35.001958105898595,58.948437106774605,69.55427272527032,7.68934759280765,2.7785277608971226,92.66
8.275576133048151,97.23828649412141,75.25877043207907,38.53202653358633,52.717914185643224,8.17072298500338,2.763191084658536,83.73
3.741523922560336,92.48236953387058,52.091872644924294,42.68045446742762,37.41622601771567,7.702380659767596,4.32018927594506,63.76
1.8790490260574548,62.36740508715988,77.10984014936949,77.6782497775488,39.831043867770745,4.714251436504193,9.803687409421851,65.73
7.158097238609412,72.52720676550467,34.248162151931254,42.70068433869389,44.64560044683028,7.767139611284845,0.6750254668382194,70.2
4.961372443656412,56.45797075757475,50.49387195898967,66.76143685669422,46.312832987119364,7.844613910538205,5.1870099438059505,80.48
2.0983441136030097,97.70255136293612,65.06693400439693,79.63323832057029,85.29004375967395,7.292702578350275,1.7936468201221045,81.44
5.456592191001432,80.308731722544,81.39700571453264,37.48138461663207,66.47948123836412,7.830579663977931,9.706765454097441,80.78
1.3094966900369656,61.43214027517314,50.718912690584546,69.71185537402326,64.02040923933382,8.22960719838866,1.133035047274642,58.93
9.18388361870904,83.58503422029284,70.68293946840559,47.95939485909547,37.459976671499135,7.068020571187292,4.036010023615912,79.69
3.3290198344001523,80.90641202289478,87.58855363535216,97.40488126663058,85.90908006771328,4.443023569848395,7.378849848346062,88.62
6.962700559185838,67.90813590164203,70.0311072318498,63.84819527039473,76.98292970855144,6.438139048336055,7.045544280274453,85.05
3.8053996848046987,55.67787960998145,45.142365858986196,86.41947848426108,34.398443523500106,4.388246673358025,4.227286368939323,62.86
5.680612190600297,83.57865977963998,31.58605080117497,68.51585795093833,76.00928131993496,6.037715155162154,3.4652416795271823,72.89
5.920392514089517,76.01538504518966,86.55642680356044,33.03887729983734,65.32998412727198,6.035532445628139,3.9761237855287055,84.76
2.6636900997297435,88.61591958678196,31.382511705275164,74.32059629158157,35.312147473540584,4.330049220701208,2.642762631586393,52.24
9.726261649881026,76.00817505559966,86.85560872447296,96.598233954466,59.78954169936267,5.744102669847397,2.053329387067998,100.0
7.976195410250031,92.609075015927,64.38091371176878,72.11282741024318,61.50525866345305,4.554990493956574,4.8303969755889,89.98
9.455490474077703,77.59534193872427,91.03940040333825,87.34322015987532,40.775345110612925,8.041176050046111,2.685337560676073,100.0
9.053446153848839,78.04689857676931,81.92091032528825,91.89445243438854,91.47037955501835,8.738440129822354,2.874616648972501,100.0
6.381099809299767,93.83268013291726,94.86571718466693,45.96558403642527,85.24839914624303,4.361582376289693,6.56756063474557,100.0
9.296868115208051,70.17414331061985,52.79626800436116,44.84313879357586,73.48645192639205,8.775576036458506,9.685373316998922,93.44
1.7964325184672756,56.70076142253204,79.86723878052325,72.76866921956942,60.04921146503947,6.612882996683726,6.036372005593751,70.36
2.763845761772307,51.43913381566695,56.12550938460074,58.771992886469334,56.76476020299305,5.497828389769369,0.7697946706496628,50.13
1.4070456001948426,87.75686278368096,61.191915319754074,88.79029120067042,72.31327536481203,4.384310376380817,0.7558361385406698,68.74
3.927972976869379,81.01547756767323,70.78785510919406,93.00161863786079,65.45307151144885,6.503121340352089,9.51423220845566,86.23
4.498095607205338,85.20398840496118,86.78901242211202,54.73949655119027,34.047751882322565,7.972577722453743,2.9729079030733363,77.14
3.442141285965063,60.64820807544554,93.96542549795419,46.58093912821374,63.31267217007156,7.535432386333491,0.9206698608247543,69.78
8.458637582367365,56.818573779338486,79.93777190119368,84.63678606707032,82.41623512013456,4.251130057319869,5.990445871503816,97.08
4.210779940242304,50.7272332833941,57.154840840876695,49.23642248836953,59.85059204380227,4.364509176839517,6.236487782902661,73.87
3.5284105871864266,67.52937794032985,57.38820514800956,87.58300229595748,33.37717754102745,6.014366413163185,6.485048201186881,70.71
5.884264748424236,79.49588434273166,77.94284960327795,59.66167775541339,81.10808295996216,5.476452470239717,2.674020278575413,89.08
2.2683180247728636,69.61220225498661,45.52051447493965,76.72849295040294,43.08864583883833,5.161921615280239,0.15110684214475034,61.33
8.219772826786357,71.87374610118646,37.180817353540654,36.68747196842677,46.810354267722516,5.405022494543568,9.650153694544718,72.47
1.6709557931179373,95.20793472468742,53.050440246650474,73.67015272736012,40.70591297309923,8.017413716484423,2.508930456911025,54.34
9.881982429404655,67.41277335116501,48.670534457515316,61.62373751160604,51.463979216647346,8.64614026815927,6.760262880525475,82.75
7.9502029236699165,75.69947445799053,49.260027829639355,71.06259242228319,79.18884786976128,6.025513472637832,7.0662986987870955,96.89
2.7884411338075514,89.18265063705715,45.184503818244146,41.76099454214044,63.760080867755924,8.530555010662486,6.100074170794857,65.38
1.0496990541124216,69.8271391160635,32.73605732636352,81.58116214609275,43.31728281979632,5.60747850623941,3.129073942136482,48.66
8.339152856093508,81.10433501139367,31.161805757671896,90.39579542802599,87.05895507988265,6.3821849317189585,2.7109625376406576,87.79
7.361716094628554,93.11818543733726,94.20195533284205,45.171786006354296,87.1728205718494,5.130144989079999,5.976682827027031,100.0
7.561064512368886,97.47603118288211,57.80525369283105,36.70001888641132,86.58759762799045,7.20238021087922,8.660956336116914,100.0
7.941433120173512,57.3536740464519,54.98123206537931,31.654701023243547,45.521753739800054,8.894905575874045,9.467337289233956,87.74
1.6664018656068134,96.32938125807472,74.17707337504953,74.93800503102862,59.33055737176423,7.017465480216893,1.0590580440375763,72.6
4.226191556898454,74.6058146539769,44.18650271122917,72.49658252621465,94.02432764915687,5.789070420567745,1.5482861259771985,78.41
2.0428215357261674,62.91221941494792,91.74747695676464,68.2688188899849,80.18081096014937,7.239087229952641,9.447362587830796,72.05
8.767930832880342,72.95678781191307,81.11242593701088,46.236296728118276,31.765882379661388,4.614603392326938,7.365352283347926,93.34
6.609683141448022,99.00162876427385,35.81171515029687,57.36341971338602,34.23829843193198,8.443295401326992,8.829938248297731,68.12
3.9780822236738427,74.63090469964348,57.14275042602034,71.61334346303212,60.15553949280163,6.515419753899182,2.026326341353432,72.94
1.5720251525742128,66.43758051437541,87.1426899915407,64.77368012014185,89.09931338100141,6.24674871019821,5.875858711094018,72.5
3.79884089544096,81.67004271583629,91.40758144894167,99.14498641504211,65.01561686692642,6.929323942267596,7.011395944174737,85.14
3.9266498982407234,62.00728093890965,60.38109823124153,39.550782678971316,62.35781302222887,7.123919313947012,6.801118854469727,64.54
7.566455605042576,53.7931664054332,69.87174029869601,78.66011878333157,36.85579049718099,4.358879031132565,4.081516908666981,75.24
6.738017242196918,56.44398609553246,40.85720649598489,58.30231376730045,72.69070680707911,7.413086106117012,0.15394891691308477,72.17
8.98491468318694,56.40229194788862,94.42596069890348,59.973973044793034,83.43670543901466,5.209658401577648,5.829260568042631,98.94
5.249934326457543,57.595134675614716,45.05866058992382,80.23184359607234,54.727300487991556,7.569763162532949,2.5310153917960876,73.57
2.0763482134447155,56.94135863247051,91.27756531878316,78.47053059270587,80.41477031014628,8.112673971920984,4.502542461428903,73.42
7.419203085006955,82.04373724016074,72.22703218450394,99.38791955915318,92.69098250355276,8.019792537762601,9.575810150838173,100.0
7.847065437552077,59.09400421995724,69.50289166712585,38.98760026178877,43.244819843299794,6.762504837039446,3.990353176424347,85.11
6.051494778125466,67.28336416619317,63.324753216073056,37.28767545689164,64.01642602765818,6.600849461553755,8.398016066644267,75.78
7.938704619591049,94.8394204953006,44.993537761654316,80.70371719901189,48.66396727549741,4.714379806697059,1.8854060574925113,79.63
5.444160367279517,73.69808201314362,41.474322080358036,70.48708419044863,81.53553723719955,7.876730752015678,6.724604980250288,77.8
5.704595464437946,83.37788692605136,44.3316035895614,49.19124665918641,67.54356878227523,5.357046902233572,9.770069544389434,82.28
4.847869165226946,58.61599356008149,42.11848703937655,35.55935582922906,71.24785714076975,6.483477114089733,1.018931008729368,67.11
1.2287721406968566,59.61445094043354,80.67299078183896,35.99607747175014,81.86442037503312,5.421370464637583,0.08319942227192012,64.56
1.97102284293974,52.043430813323944,52.75814184583746,92.59336122648827,55.73808072305957,4.669141814998466,4.335827926326143,61.95
1.2828626711806081,58.44675315360823,33.759773976620764,43.430712730312,89.48085444645781,7.147788484458683,0.926254830513672,51.27
6.727693701374023,63.92951695159793,92.99167095915274,52.63600934808645,64.6468763709991,4.271660174114519,7.483843496762313,92.7
3.82920382968694,58.85052421383734,87.44608252262267,45.86594815588916,40.26706348429762,7.743226170631,9.14548663848559,73.8
5.577136220482325,54.43512668785278,90.30389840768885,54.849741408235616,75.23344268097216,5.5879339763055835,4.340209727087588,83.91
9.168098265334837,56.03179355503004,94.66900847201829,34.85966899222654,81.56198777848654,4.000673465022427,2.5871164215544096,93.9
3.2436300623398746,73.03893840163629,41.30319119926668,66.33418536357892,50.58950900938923,6.555645696186149,4.344033190066098,57.35
4.693446307320667,60.31668592028963,55.755731228672815,34.73287945145504,85.71665170491895,4.234259542638016,7.2344781785000105,76.36
7.799960246887438,68.21349305240378,79.28550092076594,86.02495554756531,88.89931155977482,5.3808477891044975,0.09054161580370979,100.0
3.059183489424602,75.17086354274284,75.2413401734965,46.35984573373031,47.998791679557584,7.534882437278581,5.894539894846972,66.71
1.6928191884591368,84.51974143146826,40.00323391209058,67.80083402231574,93.92889572648943,4.31344810810933,6.132916848873791,70.77
3.6077630762239123,51.965606992054944,83.02915312439015,91.60553612930208,39.1462493231693,8.196692461780012,6.376882468959355,61.81
2.4509915852860398,89.97051994545214,44.58863716938294,75.56141583330358,43.131018446161846,4.019099613292916,2.420220799808772,57.86
9.367278871083158,81.39501947454539,44.5481449634705,67.30704505859347,41.9746145504717,5.2341193460095115,7.140527233781268,83.54
8.273083416079754,54.08795159744359,64.90333748807188,52.70336271807629,88.10933115051158,7.704520280760358,0.9139148633177641,86.03
6.700633808593811,93.67893120533887,68.5410957647107,53.31013391407386,72.52901590112252,5.581350748646534,1.9927033646680081,84.72
8.84314531168946,96.04362002659066,67.70560350945772,76.86408686387331,39.886778409447736,4.509461940330068,8.77470046654482,88.8
8.23304869209203,53.05389799274319,35.946644430854064,99.58975528548173,58.62102219394268,5.80116959400214,7.387231507265664,80.66
2.6791305299743224,63.843882407360184,87.03495607097472,76.3287432894565,69.99437162953714,5.351966431922627,0.1374555401134525,75.15
9.0330309864098,90.31006398965306,47.2640027682659,69.04483921590175,35.42516552430992,8.213559510802774,2.4837626036980023,73.03
5.854080177240856,87.41298451918291,38.41846988338227,81.14553571674722,87.35706394647701,5.566739587925715,2.1440648299316454,72.06
8.266961396476564,59.226050967818864,87.76862519148352,62.56439285986027,82.23422980369978,7.944662358880036,2.7080632803697258,95.4
9.06482169931144,60.467466166835514,92.11734738493396,34.209963982054965,62.838440282481486,8.459360724053674,2.475597702798864,97.6
3.8620312747467747,68.5236051395691,86.03829512225428,69.36077711145369,92.86322999184608,6.169087097882647,0.6252629574284574,72.66
1.9904673207490908,74.22614925955106,82.61854485711707,97.03376991537661,57.15446365288148,8.54971571927196,4.589405165968204,73.28
3.051416462877475,80.9127385765148,72.59072874153641,42.271205965036174,93.96717073737236,5.886590269815964,7.327334747861651,78.14
4.843970097636307,68.44568197848862,65.80572908959405,78.3003423574466,73.41479992223576,8.82039208245054,6.067317247174364,89.13
8.362132893302437,73.1267358066574,35.65413939424166,44.06535820613395,71.2536327615062,4.446447622627865,6.728716685980798,78.45
8.74657524930709,87.37354690668784,56.54945884959542,67.50793791311568,40.78706819422602,7.435096332516213,0.8114917853623915,87.79
1.0625691747807164,51.834160144529896,54.22475360580041,36.767351475270374,87.32530428980186,6.469070202284644,9.514907101767871,61.71
5.596725723198092,62.62184721720104,46.8839959444212,61.52596553807296,57.78682971483998,5.938244027278236,8.384918338430248,60.77
4.7566990283390105,85.66747929422762,77.02230738975803,82.93143302266722,40.54517137586116,7.163559393743005,8.050903184956628,84.35
2.9989702942365724,94.76034188435997,62.2319227801201,54.330006696728745,30.819488798424338,7.519285458171656,8.229838050417674,67.74
2.0787883060031453,75.58387210578331,35.268004033997116,76.54382071410527,66.38411943649487,4.021816348251545,9.327105081327613,63.64
4.038536542632651,76.60567426326578,44.311908126737734,85.68149725528104,64.28097543797396,4.834765443735994,5.442539661136977,90.53
9.486187335212673,55.358600566988805,74.41181963787373,94.90244736356169,76.7579854539953,7.565230253171594,2.002820178676259,89.04
3.908826388186797,72.37061834117273,34.94850586686951,46.42494572988175,87.86677344615714,7.331927067891032,6.167836078525411,78.77
5.669115595690295,76.63086332275115,85.32844941316996,57.95211410665157,35.16142800179692,8.830237525643387,7.42881493667939,79.82
7.3271706300566,62.12352518173648,62.18452425590833,40.66912093312922,77.54727187212356,7.805188951253915,7.379173933540254,86.99
4.272666421413646,63.46216154746905,61.23812752623212,99.47384515108627,42.181776366342845,8.75386353865669,5.214490241668801,71.7
9.746038744488645,68.86420815523113,68.50650600286865,94.89006775470067,85.78150845521566,7.512702507674035,0.6845871933357806,100.0
9.662025654479,51.003559888886315,83.6042627851347,67.79699911963917,83.23912840100765,5.490261043197216,3.7111293843012785,97.33
3.2660406624282774,66.10395827915892,52.60759851364255,88.94233060634949,65.15159407406038,4.526824611254282,9.207666084633573,71.37
5.475236553031469,60.572400349827234,74.07104991633913,66.46705840904295,76.16578191051525,7.909119316724678,5.84448909757426,76.72
3.707904788350927,66.37486760889573,66.77257765972641,73.65099816019318,50.43275735694365,7.220746107379579,5.383319432557134,74.7
3.5635644493972087,55.98810659096256,47.356837561012384,36.238710248121166,60.62591343063295,4.240930061966481,2.688535143821935,57.23
1.3319825261907952,94.52636403699475,87.11094911308527,82.86892943477656,83.40639835118066,5.800252329504891,3.684489199165789,76.83
6.486079005819072,79.67962267770244,81.83269140445033,38.939943854466435,59.852237816258906,8.78399907742143,8.953460891531693,85.98
5.524111209059753,83.95511595722448,72.79936925279766,87.824734117677,53.25688724615372,6.502005728551007,6.664630475268357,90.93
1.463308761249904,89.45856193036691,85.28781239112573,84.741966136927,62.12380907126949,6.163645680098523,7.873870267523328,74.58
3.507818178129503,74.92210994645286,86.37412306238716,79.61212884200836,83.83620140841919,6.2884980257964695,4.543454230676551,87.94
9.174392973699883,54.34601440437118,76.04359348647726,32.53122663673335,51.788523079106724,5.044413620025819,6.302472194561579,82.12
3.1560570160027517,76.85532709092739,84.40586634363868,51.218984916173,41.29450355382335,5.843535854323976,2.483836087432075,74.39
2.304053848821008,79.34205590104395,75.33564500850343,48.417879893759,76.28091132150075,5.849066279935883,7.054608302834863,78.21
5.405074842498067,87.2719737092165,74.20915016441953,55.20954852300633,83.68858382602531,4.261775100937362,4.276013337033373,97.31
9.870854086995406,71.58297731148397,70.20973958398699,36.1349922734687,36.541436104029664,7.837838142589591,4.4254551481474556,86.6
3.178497443603504,56.37901513977819,78.92658157124669,95.5870476121744,45.591817329136404,6.082522159519395,6.493223245768816,74.72
7.049219926652907,64.18879528993622,40.309331844049794,68.76615684986635,39.2281793344646,8.110899434082118,9.362806214689266,72.7
7.854576537958458,68.15411481993175,87.25659934793035,51.38670174606165,52.616191752840834,8.251740005599476,0.6400634660862092,96.32
3.1387378959315972,82.29586206658007,86.66982930344008,57.788706195199836,59.27281362885182,5.05997027349329,8.247432373470076,74.63
7.553947137506736,78.53891523344559,31.901073397246343,61.30417783533849,78.67371190261491,7.286767410850643,2.9238311041219314,85.47
4.3100481944732785,67.80483629489231,83.67808878670957,72.04160333524321,72.32459301730881,6.361409020814909,4.439194545063778,82.13
6.690752475342215,99.32576243964898,38.37654138577394,66.09755993875484,70.36035688609803,8.400783689607426,0.21913328775008956,82.92
6.7017673968480524,80.28874096784436,51.782725526844224,94.35743812500921,52.90437152962754,5.07870339588227,3.0104607783431305,81.31
5.821972156672826,61.86133958679972,78.3280366589545,64.78744380340811,84.6940909505094,7.389066001550221,5.026312426301304,89.86
1.8126079304896747,55.089123631020186,40.44939324314004,99.45106103763189,60.6336658808807,7.038760611263613,0.5617607734743901,57.65
8.51772246030314,57.642956959216605,83.16785656773905,89.59974704215671,93.64182097098504,5.476507387859164,4.910957293831651,100.0
3.8870205847456223,62.29788641922541,84.08872156725323,44.59573600501351,71.2192389892229,4.6830045182558635,9.271106288584273,85.64
2.678666593598688,58.03406866297779,62.98540269445435,95.14166502507413,38.20720820169268,7.258198802386383,1.0539321810780522,67.71
1.3669762739928752,59.32835120256529,30.415081661594183,38.14564785198333,73.95154153490321,7.692987290661653,7.644407280755043,57.8
6.318036488694176,64.25475843469235,48.657478656369335,87.22147959438341,51.13176100306043,5.57813671881675,4.096710533759927,72.4
7.098079256580542,58.66867976473774,70.10024969442324,56.6436305433606,74.61126778459634,7.224163020111569,6.55173714524338,82.4
1.1492904603507053,94.83827123132126,93.77710157178252,91.45820243115486,34.52667463055637,5.975654538057516,2.6023659798522933,77.19
5.608837524693529,54.01168728308211,71.06787925608344,90.76396830752152,41.36729341643736,7.566034416413089,1.5949226254135829,79.65
3.0384619767814414,76.22556947851274,46.88723276917038,86.41477800823348,85.62292182887612,4.996076374470266,1.6046261427122643,80.18
6.806555113685048,70.51984134948307,71.21037070147474,85.3021305414943,44.76667120652847,8.451075013180873,0.7049194564314465,80.36
2.569297861044923,99.11893084543033,65.0990496815306,51.32753973686285,84.4076731407911,5.437047982327899,1.8564670490124302,76.52
7.218439642922194,55.60194510840262,80.68995068482434,35.66434981358765,48.15294574953668,5.8389299387807645,6.642193849889683,72.25
4.480618116704837,69.89277995228709,36.9537415237523,58.208612513561306,71.787324153816,4.290459760401749,8.81690611843508,66.46
9.43056989863061,98.47352166376845,79.46681366263182,42.146716049055605,75.11978727813901,4.557561061606382,8.141256855911617,100.0
2.2376884973139393,93.27535629469901,65.18232761394717,78.64657622317232,63.32255895442844,6.579309513561641,6.851343098744841,72.06
4.069597159452327,90.85360354746399,92.59448025083465,54.22698085764499,49.84519398528754,5.337963383639858,1.1043186341110267,84.17
2.021261691165302,62.895141352246995,52.22169079251459,98.29271406019404,43.82188446412125,8.177401128710972,2.8918744629594983,59.82
9.322242564507064,58.54437936950329,71.12042305370663,74.86804541417324,32.1573080465577,4.073466943274769,3.0980687532246898,85.48
8.896054180428829,83.43216099622154,90.58182685815113,87.57363945440527,49.756516080647046,5.89547024335968,2.4995694639762123,93.9
3.3214746494364005,96.46879945637929,36.66313231939415,39.27672709192939,72.45558138453339,5.686727733845464,5.150056597097231,68.26
6.939856414307611,77.83814465069649,90.91985167036933,90.34101375908358,90.98981319915137,4.096638154588005,5.355538148796725,87.08
8.354999801810942,78.580634473495,74.71257194955287,94.59300333593761,86.62829134709838,4.621841995002551,3.568859751711102,100.0
5.996807304395161,63.998954683014205,34.409408841836175,64.09433431732552,79.79421047479467,6.068213374593176,3.53789158736436,66.06
5.766855205204059,88.47464665959684,49.56263185154306,72.43770564256842,81.24907731146442,6.464322922237233,8.285555979060813,91.22
3.1766706181040654,59.35218742787617,76.0311857619433,83.53668606320969,73.22401872593969,6.021448736274346,7.892928483196856,80.93
1.837924910253093,66.18396182021218,34.37778909547016,42.23870390822888,46.9186457417902,6.65468839206047,3.0779583168074565,52.21
9.074941821579941,71.27182193082083,67.84107991145777,65.17962535244098,88.96767699587895,6.9756583745284075,9.137884438732593,100.0
9.103762514469974,75.38051893422275,52.48239870194219,57.906411944061915,73.59760027387921,4.049619105639178,9.52815017002506,86.06
6.697913115459412,62.12048662075401,70.35950865488601,40.246179451357435,66.4286410137286,6.32047579726752,3.267425420300408,90.16
4.051268119438307,55.74184123696018,32.97323219781334,55.727409560407196,37.21431549887627,8.81749620443794,3.5442494879305486,59.87
4.142886171513948,80.53100212208163,86.64989239990446,34.77206165698455,59.058610347417655,6.5951614006477435,5.056341534219588,77.97
7.533601109832154,64.43152766201278,93.2767829965308,31.80683348646409,59.92328762812521,7.387711337294766,9.411208125336735,96.65
9.073992339573193,79.06191107113061,92.97706059356995,39.461640240837596,86.19663461897355,5.5593192895844155,8.763194331423115,99.96
8.983777818386056,57.718135763710116,78.7273690632901,97.41805781124216,65.53213431220625,7.869956890763813,1.025679625835898,92.75
8.018879912718614,74.05700509274087,38.45560560849108,68.46706751265118,54.72603568307663,7.864607409380575,3.927307432714162,76.62
6.77828481538859,76.62947162757929,79.28710773538647,97.6075512807254,93.49202135319285,6.606480238270695,5.533711897497718,97.73
1.7572596849554394,52.591176841121346,31.598149569822098,60.27485148310924,37.196838566210516,8.880069116396069,5.0313247255154,41.64
2.454658426851524,66.83021390969603,31.438030849384823,51.82712931596817,57.465647840276404,4.627751073813267,1.9386306793689267,59.75
9.086987696743714,56.72073384694871,51.034664244720176,65.42993039881708,32.73160388614134,4.084738324447905,8.588167711681546,75.65
6.457861536936309,53.168748523638385,61.761807376303274,60.76581820430371,78.09376784985048,7.85079105878548,6.769407829968373,84.41
1.0827734645496667,99.49801161949726,80.07648215750656,37.39652789832208,89.67497589294479,8.035777686824414,8.379083748518037,76.71
1.913243885794289,66.11769224873615,74.41419947942283,74.85784202831444,48.20242642078181,4.601036145602881,8.587642793494721,56.7
6.971515921972502,90.49372229273175,58.98367591448864,45.12267277567197,85.79220899194286,5.327914164793031,7.483558536657398,91.67
1.0455542546159682,62.732032738188195,47.78573330830828,73.37115684284808,48.994184980023356,4.087761816833145,4.392106012497173,43.49
2.4472724627574878,84.07513611119646,94.81309251025122,75.51407646787074,89.2000605068545,5.466543053902823,6.105467550154246,87.29
5.938604104299275,88.01139299448432,57.70178464533824,40.64173971900537,79.00752373379095,7.8657093695933575,1.6036540611974315,76.93
7.227056779234239,79.78193703039221,59.34015658142891,34.29447389774677,82.31894049469352,6.589802638562895,6.736454174749077,97.64
6.867651335523405,73.57880942750792,40.6355483774585,84.65331102479078,31.170426114029542,5.740477965841441,1.7925325573928075,74.99
3.018423785145038,70.59204570736343,81.6626206687454,62.18602966385241,92.58267320981169,5.858696474531651,6.939495905101568,83.39
7.409612992127823,67.44341332714977,75.08934467579675,34.0714656853833,77.233614484571,4.006768128577341,2.2959816075396864,93.45
3.135241787471201,96.4764572123913,44.35002483126942,99.6406422018837,49.80882120009866,5.499002637826179,1.1755130015021997,64.74
3.9285972834334095,91.53097038938645,35.35476796502977,34.044639269745666,83.91065321582505,7.232293708189653,1.6528449014295743,73.71
7.718422646062217,98.25134553332563,74.23245463485635,78.65246602009873,48.298877896970446,8.870972219081786,0.01992135219070268,94.31
6.846696091424932,56.21486117427724,72.54322892827379,98.85752476843895,86.72899957179831,8.235304134919497,7.187396178535303,95.41
8.6430106944476,86.54337376018222,47.76186925488361,46.742607295114794,37.317725376775904,4.117974823227645,7.324010490583791,85.78
6.91851603070309,96.91702284105189,91.80613154627667,39.95745580810373,75.73958853495172,8.492803023374197,5.149333499132594,100.0
6.114777430019244,59.061653308283006,39.818762965758516,38.496945759570025,65.14540098191918,7.91599206649313,1.613628010553837,71.02
1.8430729104528323,53.32481336833887,58.10176206776912,51.22926032973169,36.274740562703656,7.901880617854902,0.8355433751068975,44.58
4.309442227534902,87.05603246450295,91.33503481089393,37.073206770745266,45.72309883682453,6.289978795017857,0.1912896643728701,73.42
3.386821309135529,78.7236556589956,57.28227560019795,78.45129391858924,30.80626235802546,5.990026464772514,1.657481769652207,63.04
3.195906790411752,92.0914388379136,71.50418659816556,34.36042586910439,60.46991775519288,5.514578644165963,8.908555349831467,74.61
9.75709499277201,56.988618831314476,55.843635867581625,65.65954897048528,49.58224194940003,4.328474294771829,2.4153684170168175,78.26
4.537879522000844,89.76336559299452,47.82398815266355,99.76877976970837,68.89323647935433,5.141176817468495,3.542713272172157,90.72
9.02841899659402,60.08136600238723,93.95854711738883,86.97791886542132,49.32045750106012,5.233018174890123,1.0534548448133318,100.0
6.680247633975366,58.18279714328523,56.606710410477795,73.06536067617077,49.49474224795401,6.420385348551008,2.223613047481703,78.35
8.153301731874835,58.21328989654965,88.11644823914374,51.43775345506282,78.30755791755422,7.737222032983469,5.192245707802051,96.6
5.523733837946729,90.72873601156911,44.9470493829206,73.6727085404147,33.129284338592974,6.369049141989733,6.077526830956526,69.95
6.192134961637232,83.25986103481,43.851805761630416,66.89290247381561,88.68817468747918,4.289222247235803,2.4535231416621106,78.22
5.432659244369775,76.15327123845597,32.02371538749324,59.82583687232601,85.3971518354268,8.78894900494102,0.5773215922511721,76.08
2.7571868901824006,67.94152420617513,72.35834364943253,39.14972637181396,73.40730440971643,8.713621595470562,3.9103286912739863,73.64
7.502069037353548,93.86002704065541,53.95421234204447,92.06229506683266,68.55940205697998,7.925947715742042,2.342033709263341,85.78
3.526951261967702,69.62225537113177,86.1832862395764,61.484925417492576,87.99966237907739,8.956639507821102,2.195539232298019,86.86
1.2188436978830846,90.82997197357886,60.758643934951216,43.62357582745356,42.04646166936644,6.7224116640013145,9.598628027134552,60.04
6.80925066316451,71.95674542851091,92.9325728144569,55.74315456141027,35.13299554240386,8.81384175126603,6.16300485925724,76.56
2.5939961146634403,68.84722147124538,42.05915852070287,58.989082677024896,45.568161044119975,4.378025203083753,5.5687844317209585,51.76
9.464127259176228,73.13398928348032,86.4605059171147,87.9276526896812,81.64758811551238,5.828403741306857,4.157751035233219,100.0
9.585357193023286,65.0688937082071,80.47879543146321,81.35300663929814,32.25356733722142,5.126906340033829,4.289443334301443,99.76
9.233779511984036,87.38046900881255,80.10991990186338,83.85134255489379,67.88244428042682,4.97916542067135,5.4090500383808084,100.0
4.331428302298999,75.13601950462396,84.91090982759769,30.772188510005304,94.70343855243514,4.704014744463381,6.964298070361073,79.48
1.1391095487598069,61.61063475734086,79.46655941129492,59.130779872583304,85.62024609944007,7.112068207829983,7.021460961818295,74.86
9.354867063289529,94.97872866372842,70.704320906042,63.69409061447266,63.89396978783331,7.906609278736525,1.7169390770544957,91.85
4.8536573348558285,69.19456106866056,38.530917049355196,31.343459377613968,34.13665910363175,6.891491997101803,5.0011275207662695,63.91
9.699893371393026,77.17764305569943,32.11420166693137,48.186924612152396,84.03927843507114,4.734813547941048,4.119580950341019,85.68
9.672579793803276,95.32360554822735,89.85511010801964,83.22028761854945,68.93360303151869,8.055618849667354,8.705269662693842,100.0
8.677085099206241,81.21189979569961,70.08227044384797,39.597679401029936,37.470644808871846,7.179773535818642,6.314189212183764,92.45
3.6500400286262713,55.8449020354182,81.77492391345146,67.47170920168142,36.100723513518155,5.9408285306349775,5.325040664159818,61.85
4.465879557417328,96.99160618067376,61.29895284831575,45.06413104120662,89.1257432633785,7.370651477680315,1.1539464217891737,77.14
8.660230043651712,81.38540265357089,37.625032282555644,30.84845422507253,73.4980170909751,5.299524896214164,6.056378893234115,80.28
3.852298046406499,66.7452807328543,38.13707649316578,46.8841020319679,83.90364195558911,5.725961042471052,1.1720390568023342,72.23
2.5254347201748324,56.96360363316936,74.56174366988313,98.31116284370377,87.13362851834738,8.587429215659952,3.3720657556575206,71.59
6.0112113621251515,89.7012594635148,57.969883168465074,86.10759783180927,67.16520288314095,5.452522528357102,1.4284196481433187,70.62
9.425392967447028,81.00363779642568,43.03410723552189,97.17036510247233,63.63401286407768,6.349941340789683,6.920736470243689,90.03
7.264268170074757,76.67305459881608,61.9536455381934,64.14978307484537,57.97778167086436,8.450705686980072,2.062521138361526,87.65
6.1305505308042845,94.69462915254789,34.17358090988372,37.68153390742525,50.601528206422756,7.538606751337637,3.91859373188026,77.62
1.8745884439369167,89.42986056122655,67.82814112443592,68.35716422815851,58.24873745581627,4.311016130823514,8.956747776187786,67.82
6.535065040292528,57.58374398663756,47.484571288281344,61.80641341919726,80.30217762246016,4.736515221394852,2.043163833989703,75.61
9.91048465093837,65.5861033897774,81.84134154141722,89.10499579177312,69.12502301598354,4.039207953859584,5.078050639587791,100.0
2.260756137128716,62.424456990723286,50.17352733003229,36.86578065489712,88.014013847065,7.154608951145817,4.19271661166022,56.21
5.664966871273631,87.19731462863385,59.58930969031708,64.17687959152448,58.8197009346472,6.238367127052092,0.18124041045729733,77.48
8.8963576473516,51.67662173678897,30.75533509402654,40.5034065285789,69.46082261671901,4.671374254511377,7.927581135728127,76.99
7.66691755978784,78.49448424356582,34.70904770664633,52.7273148823042,71.03499095097926,8.789670605283852,0.6904590631459973,82.76
7.273141668957412,88.12293428703452,55.51208116643451,81.61499541714598,68.46031554991116,6.6482986197280995,4.7425502097695365,86.73
7.322356755883983,93.83828183808748,61.19602425661303,63.32126905581366,75.67119525055855,5.209466470564446,5.606782949389499,91.9
4.2354203609777965,67.10408743579538,69.00133562775474,56.31217996020385,45.433175444362405,6.503017855773537,6.284264566145871,58.0
3.64232659838044,91.06286523360063,48.958067616104714,57.61333949990247,63.303645540476396,7.398101663675539,6.886316293078756,69.02
8.284250399306622,55.53158684776036,75.17382259822526,62.16127378841907,36.7746121825426,4.381196089867823,2.532723835227151,83.03
8.291020552112627,92.3226145867259,85.9079558172983,84.95115806859398,54.99323629691281,5.37351907523946,0.09978776658449373,93.29
8.803650867220934,56.37443311659912,80.69031427806775,92.4459282258164,61.698359460382186,8.034827454419968,7.2344366235491195,96.72
9.219164973008242,69.86436452801837,32.57522364764321,96.87342805527499,72.39457687045571,6.2983243520133065,5.356565993475786,90.25
5.60208158974844,89.86476828897767,61.23295157175888,85.08323703787066,91.78451841810323,6.732885710161474,8.361177032072488,90.73
5.513646652184796,57.49587136743869,36.820461597181364,52.07848270236089,69.04231932564313,6.164080011047346,8.213883629006943,69.89
8.184656610700976,61.462569761632075,45.73292603106429,78.16942942605795,78.33360455147638,4.219499713215026,8.433261677878832,81.04
6.849675376999887,86.1126284196533,94.13306856236451,60.63221868387743,62.90729386718818,4.82874889910078,4.850946599795401,93.58
7.31770189531933,86.00182682730372,39.26221028859836,47.82694354322358,71.21676203946154,6.2277081937094545,3.3362839583686563,84.01
8.16213402492491,82.05738164426486,62.42772997433814,88.86101055981459,34.610594048695276,5.045927327039639,7.9155820259137,86.14
9.010048076358096,84.697422223355,70.18012273067774,32.68984442736275,46.535452754720055,4.249895143298394,4.51294113029255,84.53
4.041956411663822,77.13622216737981,75.66022308536677,93.12333944947964,53.52045105833402,8.218248320259118,1.834421964034345,80.56
4.380246573759496,62.58995294534763,66.37716442664941,62.30342252373139,60.71206807542338,8.90596264582058,8.549740195614744,78.91
1.845837458567821,67.28479967519597,30.635105082246938,74.60410337657963,32.96716845765494,7.965714369983697,8.825598767723474,40.31
6.204521268965566,59.079885840071285,51.21998503585947,76.15477455440478,39.10156634096565,8.268924608523335,4.663097561401701,77.15
1.3234804641706788,95.42252806668142,63.651256820006246,92.65824184945754,47.992930006434875,5.2098856515852265,0.7569972730978747,65.15
5.190382163192141,79.16958973830603,35.711322444414165,74.56687775170451,93.14962490856828,8.803134877565999,3.8782608991693124,82.76
5.883801712368189,70.042570838182,52.790750528596746,72.97535093320433,51.537555461698304,4.984628522267142,8.035376594626033,80.71
3.5788712691545594,73.10029018220663,32.15820207143883,34.6656428392483,61.33266877728536,8.757149051809161,9.017740285462287,54.92
6.317499345121097,97.36416698059077,35.10760231507635,66.28856153616428,42.74635132799554,8.974096469829755,2.0347274249759586,70.78
1.2745022494514449,57.66757015580401,55.800012953103746,40.51183005719292,69.70070461992493,7.5586140287302435,0.6697361202527152,56.68
1.3361336987429298,79.31149160083986,38.626524012798924,81.62036381050399,48.24440900853833,8.90571865895911,8.773504531328387,54.64
8.403405045936925,75.2944339442233,66.89015513700127,65.85553445688721,43.454517598497745,6.847698897835518,3.894049389788753,94.86
4.241715772701366,80.57271177173239,74.81522299392228,77.61594454458474,63.57722084898864,5.297708915880452,5.417609642675632,76.51
2.143544613866963,50.90550919104203,82.03813544209038,32.9171030421669,30.357876945427353,6.184979428328104,9.680658120507589,55.43
5.700189340493239,93.60619544720757,43.009765875912656,35.935441123206225,30.498162122199645,6.96780467689393,0.6656472791422285,67.43
7.9299419778874976,96.60591412418063,40.88636784683953,80.14263716438776,44.23947259162075,4.365407810135075,6.483180074520956,75.88
2.9423892474715885,78.25665917946044,36.79690962173602,35.045903519907135,32.386888562553374,7.111716323086231,0.7410542257486707,50.32
6.606014282371002,84.8325411938446,71.36796622033638,34.9879709435681,37.02167401849494,8.905889183811473,3.7546892846650035,81.04
1.768127184943912,96.12496905886479,75.92092222164857,30.84759326644212,52.02594220701886,4.9505382489186385,8.038145451934467,66.7
1.4651354905174694,85.36193171566993,32.05309941366673,96.9550978809636,82.16806917268784,7.962975581441917,4.334722327556344,66.44
5.782191684113332,57.62695214571307,90.85379600583984,81.62558516213048,67.18316181900455,8.539493968898096,9.971823539029504,87.6
5.865716094490959,78.81441800834065,33.37813343734571,54.72759859514449,63.32340218716707,8.718507964101104,5.590592849466022,65.51
6.736869113483859,80.3357523191428,65.18426179456958,50.75749069013587,49.07677350852791,8.800678022027236,3.2116215263595347,83.2
7.534822003503954,71.2065335651193,76.08893376430956,54.479226082209465,90.56399176313306,6.60729819360736,2.2011132590475313,100.0
9.782668715162812,86.82221178123615,86.61299304349556,84.22574718268274,55.805977680417456,8.886539539957518,3.5052053428616183,100.0
5.646703134710758,96.71835073845074,76.4156505886078,76.29594277492902,35.661029841725146,7.786551035672194,3.725332737595508,84.34
3.9066082564712135,96.27842564533881,82.11232539953647,42.96368975072276,70.10932354765708,4.808357181184809,0.6871367772396098,85.39
8.156675752918332,72.5419685702066,52.064262515282394,42.18765347338591,37.39949557597909,6.38450053233985,3.6957419942677316,69.83
3.437490261358668,55.661902292037766,82.9636323935233,36.88769547993781,52.439504282109986,7.59165587686002,4.642385197392249,78.09
4.950742786350725,99.24205994811672,35.20746501500388,76.22119037909367,62.98177601665758,5.236701579095417,7.227377522388046,76.18
1.7061074320803935,91.94490432229671,88.1630826439343,83.50608635552152,86.82446410453642,7.203075917744437,6.56729484721608,93.94
1.2281566907391177,56.233134060163344,65.59350444999285,48.55324998275028,62.08052772210771,7.3330023952330965,7.087656552291542,57.02
9.663835732101326,96.04209413086862,83.12435504756209,31.466147272163898,75.64681979205818,4.81349871904283,0.08363681876857099,100.0
8.523821084609853,93.49481810310641,59.40068849368951,35.75201672334991,94.53309453493958,6.8254265622637815,2.1766739958053605,100.0
7.263767854843282,75.94190285630361,71.83255018777413,97.75020243915213,38.54679279336881,7.858134554893038,6.616842883998565,89.59
4.680576499728429,79.56377178724647,64.21617296084736,50.68113442341942,47.85754915876877,6.49447832267971,4.839893681797472,73.98
2.559648880637612,69.95013519350651,77.55331891409656,83.84562034866934,55.64744491384702,4.060515583880537,0.05313475668345946,69.31
2.4079333840397745,52.73808194110157,35.305948831988324,73.72644981979846,57.41883160502404,4.045192345396461,8.044946424318223,60.93
3.252186083481358,66.75986208229504,33.92288545938665,56.73577477570271,56.716369892260474,5.7851467198500615,7.728095732903374,59.9
5.943039982355084,90.14267242990057,46.06171021065952,44.398108353688855,88.99471516617606,8.63097034215891,5.484191629935626,74.91
7.431363304300561,50.23160115023014,40.37040420735724,38.497049271158446,76.41212189034567,5.143383898018044,0.6646332577627212,68.24
6.941776390459581,66.6749585845572,86.66593182849311,73.05090776272067,69.51383891589575,7.171818444358436,7.665150495325847,92.5
3.5194050725134858,69.90843467954717,44.24890917827288,84.22436464464516,50.10922666108084,5.110379353466603,5.8371358773136395,65.8
9.593787525968747,76.86978014689615,93.43124162824353,75.07329774787914,83.54637497438415,5.608349948297743,7.8195997715795915,100.0
7.641072250261916,95.99278082063802,51.898226465121944,67.12114932744109,92.07893324652429,8.24021044800742,7.517469923958404,100.0
5.989186472602606,67.31729971829806,41.837664519765454,32.93658564021454,83.37788836576473,7.644307211349735,8.03002071957837,66.79
6.5054867161091705,67.34766009481139,81.33040296426114,97.79421443160686,30.10173183744574,4.476996386566054,5.1800806640462485,81.94
4.776400561850109,86.87506240548743,72.81600540755696,85.90999341582022,71.36608906192146,6.143510104932168,1.40324518193515,76.63
3.229578905510417,72.61089704449036,62.382721569454034,50.497542569067534,33.32379979373655,4.145848818226322,6.711574733796887,65.14
4.2037541078613545,61.2302411469991,66.09863081094602,98.59792305511955,46.74446932169192,6.404450733015045,6.204737850519706,72.31
7.820614994179322,72.62197580663467,76.74811558769716,72.13171127454254,33.86910552260516,7.31217005850534,7.422531871990872,87.84
1.1295413976678028,57.04285101898999,44.849558186534416,70.76958607450726,69.2467044417102,4.592513117990758,1.698810060507353,51.52
2.0446537645622462,58.819349325311165,94.76170454368823,82.36512256006725,74.62834437701943,5.444424694545829,1.9497519990028922,83.75
1.4140237781957747,74.91838863697399,93.3615555395409,86.82388516630962,37.44169647428383,5.989183127510785,8.904095172193285,75.97
1.3665592208707311,70.9462724752274,72.27116961255089,75.9535025132052,54.94952739792367,8.597655123280248,7.499777984520708,70.7
8.699145256099065,95.742295053405,42.97025931039443,38.966702245634,59.65537308211023,8.966275077114819,9.08228488700323,86.95
7.332920734420213,68.11969495583165,74.21483575803393,53.67872541961489,53.988446414459574,4.22455649497808,7.587153211639207,86.95
5.267564461785927,79.02941751390217,34.69289658364643,94.96585482282349,37.866625031537545,7.80503961747696,5.971553059903019,65.18
1.8805074458590134,81.61321439597651,31.992412643377396,45.723092829069635,57.2316063621859,5.858620332011716,6.5413273702787365,59.9
5.4245428760514915,50.654722829416684,46.74938775322889,56.051691668625935,78.82657310754718,5.9622909311474,8.891279239400099,81.46
5.261245937025091,83.17686860083553,60.07049218805556,60.24538180609372,34.615498194661605,7.771324866735114,5.7880675451194055,78.15
2.5588168291901368,58.90179834348757,86.43771285154473,60.758349278611654,35.211700915323725,8.592132160727044,6.323913243283874,63.46
4.904664843141758,98.05351587347275,77.26598953481002,72.90577077461678,53.06013396933898,8.754642972512741,1.5647671600360058,87.01
4.586542609576361,57.43313638765565,78.27592387799876,96.01530864212953,91.21217125523012,6.885612930191604,4.739212201161028,81.35
6.542650882469948,70.73120618635119,57.6570667391249,46.84848982827535,73.4572220369894,5.785605796502514,7.16397111958099,84.58
6.715842857808794,54.26748340393219,52.48577451555259,38.50509634106427,74.11354718371672,7.937745429293896,2.709426983163654,79.25
1.4077360879484007,99.84371259229736,54.11751959399918,43.82293429019561,53.52479940446122,5.255006916311501,2.022541805245349,52.58
4.371513531638241,75.10975051656213,94.19722164284376,92.08474301464886,68.58795142855499,6.820370144167589,3.1382680822441555,83.17
6.632739241428127,79.76925086600218,32.60709744181136,75.20675688586442,30.658526961803318,5.792892307624365,2.4150062799283347,66.1
5.528226327220789,53.353823869421376,86.35704724795916,50.01347524674121,71.34624301662024,7.283155368539381,2.1491263703639585,81.33
8.7084085706949,87.49802351995889,67.61390155720557,87.11628572780322,89.3636515924554,5.201994564467535,4.24850842868087,96.72
6.928242684570505,60.49527965477929,58.510002247323385,90.29589974544052,69.81727544241325,4.957964728674129,9.07838513883534,86.62
2.466409843732867,94.90271447203568,77.14174792698387,89.25600370831947,86.79040857531243,8.591195433377186,5.070596467387183,87.95
1.6351187266038685,60.25698202410036,61.633481192605686,94.32485735476881,77.0582486052961,4.509018414747684,1.8792038081532303,66.62
6.78177350385684,59.534386033183324,86.77251047530794,47.65687141213531,37.836297066239865,6.529789538674658,0.7697166938087407,75.54
1.2386017948745964,51.827483392404744,88.5456211607318,82.85293501223947,88.6594649735797,5.104263914815045,6.961561451379252,80.9
6.2719802314611695,73.60334725549995,57.4118602467746,62.2377648091898,34.31884988312537,4.1946498166283375,3.827987644363878,79.84
9.462072172824618,78.24205666313082,47.99380682027835,88.9398987023043,64.70788571560465,4.180094091457132,8.218309465853594,89.55
6.179267600882911,53.285431971417616,68.50277135856854,80.99434740131292,39.23891304657475,4.876108860529136,6.595107686407702,71.44
4.493529335858697,88.77638083475053,89.30361746508491,84.35132125498072,30.760929697508764,8.33385177253,7.962414505413685,84.61
6.789593965981179,72.66444173740138,43.69304228536833,75.93132863767501,57.432226908296535,5.4123937198851335,2.7194603941844875,74.82
5.12427601442365,76.219513466379,70.49282793162638,42.42001386287948,49.17764599752016,8.752295852876479,6.9235892246105815,75.93
5.910551103843415,72.03813734691141,71.05141430601384,68.15188432278569,61.5900320968442,6.908111464945968,2.640619846937188,86.3
9.473183278988726,70.0381530437663,77.65234645699326,98.92688176671557,67.5179926377458,6.183070948843831,9.390684794502915,92.65
4.474923740206968,77.9820165654109,38.551899533271886,95.61716465479833,32.843039700081576,6.900444173347273,6.363742815333744,71.91
9.650715074415228,57.76201229653562,76.52862270433576,33.02216150579082,37.995214183043466,6.583491926131339,3.245118001753421,85.39
9.148155777604574,59.09640652476355,89.08711384326666,41.5370371010606,66.31175576927765,7.793881268786626,2.6951186229227266,93.67
2.762120213103668,93.08928105067587,41.67940207656573,39.22101414181933,52.30587795622279,5.412480329864261,1.909265850716435,60.43
1.624251707876489,97.30577310668164,45.440316120052046,80.81859369897069,77.39627669071412,5.765251958001512,6.946409588937278,70.29
1.9070020123968399,68.66546581398765,93.14068111270657,87.24497308998616,72.39895715847608,8.470471512666254,2.187156129979273,71.19
1.1639964308639477,63.53723365717769,41.76350192611683,44.94579564174703,84.96428359434395,8.732282565752026,5.953032659274891,68.08
1.8499866468033557,82.19997716195078,85.53503106902264,65.40968850662803,75.01203373349963,8.462791137432372,2.646350269253573,78.84
7.147060960747211,70.43670855490481,61.99806066912226,88.849211960784,57.94552003035963,6.097239969786568,6.619689447938686,87.66
1.6406978361420608,51.26931778301724,46.07001983620651,81.29610813363755,73.74283045563811,7.901827515034409,8.149397285405392,66.72
3.8707806726438516,57.80762986830952,86.59874358271324,67.95660438442938,47.89977632660221,6.381678666505493,7.780252431446532,69.5
8.60387779872509,85.79861144236988,58.94484157517326,71.32433833211411,49.91037742058383,6.487699260730511,7.608513309307817,91.7
1.209447421622433,82.94619709550757,63.463128005429866,65.58523828413959,81.28403539485157,5.023400545286419,1.8772240569225207,68.29
8.330216343300421,51.354799625174174,53.35016901098477,50.828391592317445,59.01726856610284,6.9556515162925825,0.8838494698451871,83.16
3.5366929729605996,61.098608096647474,68.54180534327028,69.55153950013113,81.89472213369291,4.93067948876674,6.989488284873856,65.82
2.0634834485949063,61.55373982940357,40.62905171802648,78.22197114350635,83.4574542884381,5.657823495335968,3.683472137943513,63.48
7.270634488277356,83.59463717993643,55.420299882364446,91.13260411025654,85.74155194798345,8.275151008099677,4.3234622640334734,91.33
6.660485621018956,50.98552688771821,93.01180095179369,74.54039477854737,89.58129032967847,5.035379046054276,0.31149092793391064,96.0
8.897248121743477,55.205429099228695,46.77867312557329,83.27850759302106,58.01403933336425,4.355791425867164,2.595764492750492,84.09
7.615639394234972,89.99580426865947,72.68788319518399,41.20501444682011,50.726343190874026,4.345037963064081,0.3367640387446402,81.96
8.231328373463636,58.927233102716684,51.137354174605164,62.309023209385295,67.8429185286174,8.70392260251554,8.791857726012477,81.68
3.538311153141758,82.63730539259373,80.27575316962904,30.653213387896532,54.12620752344579,6.534602189809173,2.4339668321853045,72.79
2.5969558940175053,61.90913905233633,38.50678794669274,47.26752051651361,69.06982084201513,6.0470603590850915,5.5733716957300805,54.67
7.755532764767725,54.97206963796726,93.03836793010541,80.85232005791033,75.8630810718486,8.054392905039592,0.3897932066113041,100.0
8.261512653405376,62.1586095499727,59.496320189936554,99.42669659445544,74.7463262019889,8.179129639552581,6.66847391305658,91.4
9.91454627800606,86.11334659278296,45.34328011752016,36.94246697110511,54.34593765630789,5.660955165578023,3.230273457540939,71.75
4.713559092202838,92.78482340531428,34.77728857645082,58.10460211029017,40.845913110418934,7.468090287368977,8.979191869576658,65.17
4.348162772135049,91.51099322834958,41.03426383069015,86.00496780894116,57.98440700004349,7.855614079259433,8.881181889340358,69.44
7.987716646677971,69.85917648092274,63.785306656141145,44.28249442402292,39.26861936532407,7.273253434329773,3.252906183617478,71.44
4.06723186227716,83.40425682853231,51.90520646803361,68.85594645116004,87.85630728694754,4.757975374000496,9.009608956904678,73.33
9.376815930432082,60.24921477079105,83.87741878236962,81.31499072207723,52.48203494796073,8.379415417585285,9.961576734987789,98.01
8.725714766587107,64.65738651305067,58.00768903801739,73.11898151821254,40.03988356951605,6.695472763680043,8.254156641239481,89.84
4.860946246375165,94.81679092605599,46.16642771819595,43.16173142307913,31.65410439387381,5.412362131850019,8.448713477552289,68.02
7.757839610123476,50.6500961755368,70.11442412926195,54.87691980800176,71.97845510862147,6.1261409271884695,2.4900873610908993,82.33
7.7908858667621415,54.2754265427234,75.94051909755399,84.8654249139778,71.39865063455831,4.187855451994537,5.767023988577563,92.77
1.9281148195233935,60.394312757301364,40.85772401356174,68.79585598924116,52.13927082778396,4.639334006112088,0.6725591396736785,51.16
9.1229761601161,51.32661019369099,40.895249058740646,30.366072948003893,34.661272775097316,7.827733752579304,0.9491793682166971,66.8
5.547271352030714,59.071771754489866,32.383642750680295,83.26935320196657,56.625878168190084,4.00005817377683,9.988926120332906,61.65
8.438117194969674,79.15207804848461,77.86613097926664,32.47179484581673,50.229137179120585,6.082829142411461,3.2663924942591094,79.46
3.880446409275506,71.0712275296249,73.14729429541734,82.20136479118625,74.01284158277561,6.612550905427942,7.481839120488464,79.32
9.059709056465804,94.63358555384875,60.8510069237379,44.173639211566616,69.37565121442486,4.273172100004862,8.066650530268165,95.19
4.502815108607468,90.87217808692205,84.87107918299782,97.06514360835662,53.6985923328401,8.865390814861664,8.580232710072291,88.19
1.0975388633226852,67.0908675848938,82.36855994175346,55.75585259114591,44.163016026574354,5.13062665624836,9.976282974021565,61.07
9.148437787773373,62.971171671564626,68.04803368578888,52.88521314366554,94.22233780011346,5.520993598181404,2.414964852568678,92.39
1.821580091075202,68.98462040836334,86.43763323336181,40.422163523271124,59.510105377747465,5.519712561275137,0.40350826859699707,70.91
3.873822738313734,79.51474712574039,43.379678652389934,51.39229508431504,74.7378253257154,5.152083310586749,4.11191517994586,63.11
9.550557703457244,63.403182041143815,37.27477526085231,91.36555332797404,39.13594289259345,4.007369110431557,1.3008066982894695,82.35
9.555464322438006,81.2074453924567,47.53372474860433,99.7434036339073,61.56333047786086,7.646723970439982,0.22425889162055124,88.17
6.160940993109575,70.47058260956203,33.710645645805464,55.78166713547938,31.789886791515258,8.834227498996427,3.604268271414861,60.67
6.686534909528193,77.602359042599,64.52601932006708,61.40274416681798,62.85458266417925,5.121467416425226,7.837382510752365,76.93
5.036009697804878,71.80632645676583,90.8793699991725,80.54496567419159,92.66113146265064,7.315235959017112,5.661806912250709,92.75
3.638896945282581,64.72328797709588,32.55733014345313,92.03370463255521,54.973436344077015,7.709481634793575,3.1277798921035407,67.75
3.957980908329244,97.42266534810784,37.93714441065174,71.51310339307489,32.534740817369254,8.242126895452625,6.543420054927197,68.01
7.052666104693346,88.18028970798804,59.392936838423296,57.40679887244805,32.01212640975733,6.113145985068046,2.320181803088107,82.29
7.77137076493912,57.00565878832263,90.70187613931381,58.88352885940366,55.21913939654652,5.514654528202146,0.14381446072085025,90.9
8.124211393532637,93.42339879489563,50.55014682348879,78.69327025477648,40.401620870107614,5.6264756701151555,7.643533864364274,79.08
8.106563285150985,74.37155991247567,62.97026256474551,30.22527845229951,31.517886261332084,7.563106665492564,6.237430848640091,76.42
1.8208549274382133,94.72761134470457,32.702235838275485,73.37125362218885,79.1538849067615,8.083897332528181,7.6230262450096,63.92
5.449782742323233,89.99276279736577,39.642308062535776,54.884510730895016,59.803995577322894,4.908069838783013,0.3893801668766561,78.59
1.5180288401497986,71.26067522346167,94.13095799232505,85.59381318939589,48.800910178222544,5.854705040788826,8.371196278306522,67.18
5.94575994091362,51.12346541600587,92.73271526834296,36.50934478761925,88.50540689607125,8.50970098374575,6.195262000363034,94.59
4.973774512360393,63.4338679692473,30.321098760736625,71.17415868638733,37.54903241303416,8.033467598473695,5.633953507126401,65.3
8.989337644824698,77.08171073304334,91.86776605251053,63.668102292028664,92.13472388209576,8.92429201381238,6.246140481145316,100.0
4.158235112968708,81.67391099130737,71.54279595800753,74.96278681336591,50.407836629527935,7.771241298410404,8.644332468683642,76.02
2.053603147848453,62.894384271660115,86.41468914380144,34.53975161380778,87.74623870006428,5.965976005139611,5.86936506558907,78.8
2.2869251384755227,56.96780370364121,59.55809061620084,70.59886511996919,69.191286971165,6.953189169973189,5.809503798881793,77.67
7.85359568545725,91.74651183996495,63.51374185765127,69.30392115716666,83.73597838319668,7.305071271236601,9.906791570657658,95.3
6.56396256984635,99.22010903517761,61.77502771669981,69.24620660913197,93.96085560868018,4.392279081585619,7.56730167068568,87.8
1.9101040851051123,76.28450911513428,73.34617674049679,72.24413666175184,48.74635345821847,6.722484795519326,4.422938054511353,58.2
1.756961255034977,58.583964292415175,39.07733155916034,77.35275560584535,92.47380655149354,7.546604142363048,7.073970000329277,69.19
7.30872218313208,63.61536632596845,31.948283341724068,86.34922997765389,55.31632316865732,4.836606520005302,3.892304716917885,64.13
1.6548670572777417,50.919533827373336,50.01544620342741,48.887450408975,55.05827380789995,7.903158587127786,2.28875462483499,52.18
8.396740533613206,95.71494032802495,75.80424957788203,87.75345871260434,52.12516177654287,6.918863902570559,5.968518768877594,99.92
7.3561800444084655,55.88755414450706,43.12047438799164,64.87789775844175,65.19149447759304,8.761108928487973,9.281820981139514,79.81
1.7321390257770979,78.82582377571268,73.77310816611963,35.39407953940318,40.01942780660166,4.212111491034459,9.291395200154627,63.6
1.7635394267667273,63.7027610343603,93.04428299697258,34.098565047078544,65.99124654827072,5.326630687777335,3.419052781054903,71.19
9.87975620651058,77.70890012578967,36.10354652631219,53.39668230872425,65.21081280665027,7.00776939649912,5.276774662216949,93.55
4.368437161805083,82.57101941759322,73.71913768463321,84.94278839780273,79.52361781931654,5.482799561029653,2.116358985698612,80.7
4.335779323602019,91.48709018536007,58.84376425479712,79.5376654318641,84.18724752594306,7.572120820356211,9.956311094988834,82.52
8.315196105317522,60.32106358803016,86.42924653453784,85.20304752706845,58.628687770307565,7.795026412609655,9.811179078679357,92.27
9.525237196454729,50.549791432924025,41.51473631408008,66.20883395091266,49.6516612078471,4.512579820332372,6.495089297074474,82.64
9.874009574405838,56.844281503440364,75.0206868947007,60.81392985688434,46.85676832561114,6.569272321033838,8.044140596774733,95.63
7.780403667330475,95.00093209240526,84.47749382712716,40.32167686943988,42.650549385816674,6.5444527779552795,7.151001612837,93.23
4.386336269778242,93.69450387812577,91.3999242658115,52.97349275265181,33.74709284293662,5.846403851077705,5.931582190394682,85.27
1.7515064502880189,79.87065510851542,74.41112183882697,60.381355632171264,52.25911862425637,8.66462431284836,0.533479969888977,62.08
7.994322243346931,80.02584302168268,62.316359660547775,36.202030077573205,47.56609998850091,8.137531599366106,4.54764342552661,91.51
6.025638247622245,83.25183372731277,70.1600706130789,45.442836689784784,92.81713008131648,7.486046909548184,6.747863021674105,99.25
4.817998083222786,58.76856393117248,86.47882399111668,71.87577058446172,66.25107370625285,7.571633178674988,6.775316138836846,87.13
9.157189465852625,95.72059729624799,67.08963353152393,81.49641799674329,52.57300753698299,6.308580719065596,3.7312261842238357,100.0
2.000777340755362,70.93852624460365,31.975158880294394,99.88432579750648,67.73039406459023,8.604972605482878,9.416919866580306,55.61
5.433625938617732,69.15692641247487,90.51166520795356,95.31793319404903,39.04778558747021,7.472977136266427,1.67357032236781,80.75
1.1021828029067717,75.94588526414188,74.81923881705147,74.9795639674634,58.86284369814319,7.644905308279082,5.003594462155606,64.85
5.217945777947136,52.348298338752755,73.97337007552102,59.487363730585045,70.70523089236914,8.308454518936726,6.908839765508228,83.69
1.5067294811365362,58.31416843780397,44.018884905851614,74.5324155295763,61.77835906650934,5.370357946710955,6.971358058918092,51.87
2.0693612464126474,86.90168082131852,72.82755556512271,84.99561326561624,56.11562204253107,8.035354519333515,6.486389567688155,78.1
2.057736220993944,54.139933396256325,55.6011863675203,38.28353336463711,94.60014527848038,4.9762030147824605,2.7528821345186016,72.08
6.842892719044572,80.1576054733194,72.33014350769699,58.693342278740175,87.22045953968026,5.7267097612244395,1.5620656868662197,96.01
7.71440391338881,62.26745548406605,36.9285469700194,88.7861599944932,70.5213872803636,5.678052271349213,6.3594032682671084,82.57
6.250318885874437,69.46478070209884,72.75994479919734,56.868306635313076,67.00952847684837,8.892627341945703,5.993021161394378,80.74
9.659552936270877,64.43468683853499,94.96189217509333,70.03105898590306,70.34293118859796,8.282686118739633,1.7935601028924097,100.0
4.373835215713337,67.78363582324747,33.13378252593614,71.14385526035387,43.08528700845816,7.505849307951299,7.051391455705634,68.1
3.571408776536747,85.95229525921228,93.51632197438562,42.91333771935476,55.683953312180705,7.6352838080769505,4.551719917336564,84.58
8.817392153705143,64.85608578115875,56.44901744698659,55.356480915660185,32.56486963790846,6.810363972012855,6.6776059160315295,78.99
3.0123625466750736,78.32023201484486,86.59897427192185,53.415790211935246,60.910492436643736,8.735453335542594,8.373670797701507,76.71
9.669002854965502,73.80252010995498,80.85505646378778,31.833769597244537,65.29659795724811,6.481293764411808,1.6972842857692316,85.82
1.109390272208347,83.1835582681324,66.85605696413342,31.693423472394866,44.80373284670863,5.902588549349472,0.1914486799683668,52.58
9.728909440368751,96.84148696623791,77.99919860133622,88.21879305730414,92.6618750657584,4.815176684657955,7.791025863957868,100.0
1.388439207555185,86.62860486051252,87.10351148458761,49.11495669809687,89.11454971092073,7.93102826130529,6.096974251526159,74.29
9.02028802328264,60.74701892953784,56.269120907317145,66.26551363671709,76.93931030463388,7.672219660377957,6.996395696221217,92.65
5.749309981776698,51.55915675306424,51.25715550161051,50.910790151214115,64.67013086974856,5.921775192620674,8.381549749886425,76.74
9.936683165073703,63.113202214991254,73.393570061633,95.84754715807384,86.54799537709953,4.125967069796147,8.028109348245005,98.03
1.6641690826185898,79.75389653501274,82.50998622618181,48.150773120604164,38.49240234852509,8.194986638590054,9.609201469288246,67.91
5.984688559611887,52.57129067421252,79.54853376048003,60.07597689172546,81.38313662786751,4.0570899172703685,5.359350788521182,89.47
9.72372282057189,74.81831236006181,81.85788717581124,91.09111753392213,38.11335290784514,7.518498898145255,4.884956326599053,96.99
5.707880597531339,79.84214244584446,58.31291546284065,88.93534967542661,81.62369306571135,8.851285548630285,4.018871998907301,100.0
6.664587743217362,66.71219454084805,83.15922405137641,43.02709924923941,47.9248919363382,6.188306640741017,1.5369104284420454,72.96
7.261738200861554,88.54561018729109,37.81358859908955,86.18503168569973,87.01088776618228,5.174867024979764,5.726072328820225,93.87
5.090869582909959,55.32991265668859,65.39179136745523,62.073082071652486,91.36273609865086,7.524355050216909,2.7701252432597876,81.0
6.648022720756571,53.75688908679044,30.3743129323779,63.80782104597486,39.671738011332515,8.085640710077925,9.213075122129755,69.18
6.258828807307902,86.40943781018017,51.09807894351757,39.34359806911606,60.07391432925058,6.732151580389237,5.8319080427709755,80.21
9.110422094418901,74.77456581030992,53.81999976664086,35.64210596299873,93.76417958057453,8.835176376280732,5.928401805081101,91.93
1.409017423073121,84.4201198213868,55.7512249546016,80.95575148816357,61.42148333825453,4.258343608289805,3.5492466087701002,65.98
3.528668706330073,71.74136693018731,75.20536843484103,64.75228066487098,86.13058896344543,6.52397799152264,0.5198935197770749,71.34
9.553703356689029,62.32010166195534,55.25627658257247,60.57954918306257,68.26754893853578,7.59226973661275,0.3174376537298862,92.48
9.012374055018247,90.95511588371,59.16508547046449,81.06557600566777,54.39644401477412,8.313202355745894,4.233351441531975,95.68
5.100910775071417,89.97079394844897,45.440368506831284,83.58590292937768,48.57593110918157,4.89627805953895,0.8456537809723785,75.79
6.581193380213831,84.73482354272133,54.26136645590711,41.12357173685475,43.20950092059567,8.000017408818408,6.068469555401391,81.68
3.496430646830194,63.607256861498136,44.77252577210484,72.71576046343489,79.51688243955033,6.763535378592726,8.809730056396575,72.52
2.6930904375138516,79.51153334345435,34.75773504494884,39.474785759437985,55.12513294349681,5.982768409949816,8.829148165187222,58.98
5.173285644459839,68.04869484700134,69.22415856978957,82.5962560220332,63.232905043048824,4.658575142895468,6.590454101322324,75.79
4.180170052234475,54.579103666331704,73.43383190607605,75.98686093869976,62.00115620007683,8.326478794544563,2.1123183147293103,71.7
6.252905006657849,95.86567877311214,70.26687249062493,96.96302347584206,67.52313690015353,4.786366040898577,8.629968313588721,98.77
1.6996117326848634,56.84093154594807,60.1271128470372,34.82706114494948,86.2625144655959,5.548939296045496,8.860934353132082,72.13
9.769553268995498,97.51186769104012,54.686075711649934,33.9938304805878,93.74805733292291,5.450227659812184,1.966535849529587,98.87
9.875896700316426,72.30028864789779,86.11668722216865,49.75309522852401,56.4929735572981,8.357070170954271,7.374260857706773,99.84
